[
	{
		"name": "用户管理",
		"icon": "fa-user",
		"child": [
			{
				"name": "用户管理",
				"path": "/user"
			},
			{
				"name": "短信管理",
				"path": "/user/message"
			},
			{
				"name": "验证码信息",
				"path": "/user/authCode"
			},
			{
				"name": "用户信息",
				"path": "/user/info"
			},
			{
				"name": "群发出行券",
				"path": "/user/voucher"
			}
		]
	},
	{
		"name": "违停上报",
		"icon": "fa-exclamation-triangle",
		"child": [
			{
				"name": "违停上报",
				"path": "/illegal"
			}
		]
	}
]
